1,"A"
2,"Ability"
3,"Able"
4,"Above"
5,"Abroad"
6,"Absence"
7,"Absolute"
8,"Abstract"
9,"Abuse"
10,"Academic"
11,"Accept"
12,"Access"
13,"Accident"
14,"Accommodation"
15,"Accompany"
16,"Accomplish"
17,"According"
18,"Account"
19,"Accurate"
20,"Accuse"
21,"Achieve"
22,"Achievement"
23,"Acid"
24,"Acknowledge"
25,"Acquire"
26,"Across"
27,"Act"
28,"Action"
29,"Active"
30,"Activity"
31,"Actor"
32,"Actress"
33,"Actual"
34,"Actually"
35,"Ad"
36,"Adapt"
37,"Add"
38,"Addition"
39,"Additional"
40,"Address"
41,"Adequate"
42,"Adjust"
43,"Administration"
44,"Admire"
45,"Admission"
46,"Admit"
47,"Adopt"
48,"Adult"
49,"Advance"
50,"Advanced"
51,"Advantage"
52,"Adventure"
53,"Advertising"
54,"Advice"
55,"Advise"
56,"Affect"
57,"Afford"
58,"Afraid"
59,"After"
60,"Afternoon"
61,"Again"
62,"Against"
63,"Age"
64,"Agency"
65,"Agenda"
66,"Agent"
67,"Aggressive"
68,"Ago"
69,"Agree"
70,"Agreement"
71,"Ahead"
72,"Aid"
73,"Aim"
74,"Air"
75,"Aircraft"
76,"Airline"
77,"Airport"
78,"Alarm"
79,"Album"
80,"Alcohol"
81,"Alive"
82,"All"
83,"Ally"
84,"Almost"
85,"Alone"
86,"Along"
87,"Already"
88,"Alright"
89,"Also"
90,"Alter"
91,"Alternative"
92,"Although"
93,"Always"
94,"Amazing"
95,"Ambition"
96,"Ambitious"
97,"Among"
98,"Amount"
99,"Analysis"
100,"Analyze"
101,"Ancient"
102,"And"
103,"Anger"
104,"Angle"
105,"Angry"
106,"Animal"
107,"Anniversary"
108,"Announce"
109,"Annual"
110,"Another"
111,"Answer"
112,"Anxiety"
113,"Anxious"
114,"Any"
115,"Anybody"
116,"Anyone"
117,"Anything"
118,"Anyway"
119,"Anywhere"
120,"Apart"
121,"Apartment"
122,"Apology"
123,"Apparent"
124,"Apparently"
125,"Appeal"
126,"Appear"
127,"Appearance"
128,"Apple"
129,"Application"
130,"Apply"
131,"Appoint"
132,"Appointment"
133,"Appreciate"
134,"Approach"
135,"Appropriate"
136,"Approval"
137,"Approve"
138,"Approximately"
139,"Arab"
140,"Architect"
141,"Architecture"
142,"Area"
143,"Argue"
144,"Argument"
145,"Arise"
146,"Arm"
147,"Armed"
148,"Army"
149,"Around"
150,"Arrange"
151,"Arrangement"
152,"Arrest"
153,"Arrival"
154,"Arrive"
155,"Art"
156,"Article"
157,"Artist"
158,"Artistic"
159,"As"
160,"Asian"
161,"Aside"
162,"Ask"
163,"Asleep"
164,"Aspect"
165,"Assault"
166,"Assert"
167,"Assess"
168,"Assessment"
169,"Asset"
170,"Assign"
171,"Assignment"
172,"Assist"
173,"Assistance"
174,"Assistant"
175,"Associate"
176,"Association"
177,"Assume"
178,"Assumption"
179,"Assure"
180,"At"
181,"Athlete"
182,"Athletic"
183,"Atmosphere"
184,"Attach"
185,"Attack"
186,"Attempt"
187,"Attend"
188,"Attention"
189,"Attitude"
190,"Attract"
191,"Attraction"
192,"Attractive"
193,"Attribute"
194,"Audience"
195,"Author"
196,"Authority"
197,"Available"
198,"Average"
199,"Avoid"
200,"Award"
201,"Aware"
202,"Awareness"
203,"Away"
204,"Awful"
205,"Baby"
206,"Back"
207,"Background"
208,"Backyard"
209,"Bacteria"
210,"Bad"
211,"Badly"
212,"Bag"
213,"Balance"
214,"Ball"
215,"Ban"
216,"Band"
217,"Bank"
218,"Bar"
219,"Barely"
220,"Bargain"
221,"Barrier"
222,"Base"
223,"Baseball"
224,"Basic"
225,"Basically"
226,"Basis"
227,"Basket"
228,"Basketball"
229,"Bath"
230,"Bathroom"
231,"Battery"
232,"Battle"
233,"Beach"
234,"Be"
235,"Bear"
236,"Beat"
237,"Beautiful"
238,"Beauty"
239,"Because"
240,"Become"
241,"Bed"
242,"Bedroom"
243,"Beer"
244,"Before"
245,"Begin"
246,"Beginning"
247,"Behavior"
248,"Behind"
249,"Being"
250,"Belief"
251,"Believe"
252,"Bell"
253,"Belong"
254,"Below"
255,"Belt"
256,"Bench"
257,"Bend"
258,"Beneath"
259,"Benefit"
260,"Beside"
261,"Besides"
262,"Best"
263,"Bet"
264,"Better"
265,"Between"
266,"Beyond"
267,"Bible"
268,"Big"
269,"Bike"
270,"Bill"
271,"Billion"
272,"Bind"
273,"Biological"
274,"Bird"
275,"Birth"
276,"Birthday"
277,"Bit"
278,"Bite"
279,"Black"
280,"Blade"
281,"Blame"
282,"Blanket"
283,"Blind"
284,"Block"
285,"Blood"
286,"Blow"
287,"Blue"
288,"Board"
289,"Boat"
290,"Body"
291,"Bomb"
292,"Bond"
293,"Bone"
294,"Book"
295,"Boom"
296,"Boot"
297,"Border"
298,"Born"
299,"Borrow"
300,"Boss"
301,"Both"
302,"Bottle"
303,"Bottom"
304,"Boundary"
305,"Bowl"
306,"Box"
307,"Boy"
308,"Boyfriend"
309,"Brain"
310,"Branch"
311,"Brand"
312,"Brave"
313,"Bread"
314,"Break"
315,"Breakfast"
316,"Breast"
317,"Breath"
318,"Breathe"
319,"Brick"
320,"Bridge"
321,"Brief"
322,"Bright"
323,"Brilliant"
324,"Bring"
325,"British"
326,"Broad"
327,"Broken"
328,"Brother"
329,"Brown"
330,"Brush"
331,"Buck"
332,"Budget"
333,"Build"
334,"Building"
335,"Bullet"
336,"Bunch"
337,"Burn"
338,"Bus"
339,"Business"
340,"Busy"
341,"But"
342,"Butter"
343,"Button"
344,"Buy"
345,"Buyer"
346,"By"
347,"Cabin"
348,"Cabinet"
349,"Cable"
350,"Cake"
351,"Calculate"
352,"Call"
353,"Calm"
354,"Camera"
355,"Camp"
356,"Campaign"
357,"Campus"
358,"Can"
359,"Canadian"
360,"Cancel"
361,"Cancer"
362,"Candidate"
363,"Cap"
364,"Capability"
365,"Capable"
366,"Capacity"
367,"Capital"
368,"Captain"
369,"Capture"
370,"Car"
371,"Card"
372,"Care"
373,"Career"
374,"Careful"
375,"Carefully"
376,"Carrier"
377,"Carry"
378,"Case"
379,"Cash"
380,"Cast"
381,"Cat"
382,"Catch"
383,"Category"
384,"Cattle"
385,"Cause"
386,"Cease"
387,"Ceiling"
388,"Celebrate"
389,"Celebration"
390,"Celebrity"
391,"Cell"
392,"Center"
393,"Central"
394,"Century"
395,"CEO"
396,"Ceremony"
397,"Certain"
398,"Certainly"
399,"Chain"
400,"Chair"
401,"Chairman"
402,"Challenge"
403,"Chamber"
404,"Champion"
405,"Chance"
406,"Change"
407,"Channel"
408,"Chapter"
409,"Character"
410,"Characteristic"
411,"Characterize"
412,"Charge"
413,"Charity"
414,"Chart"
415,"Chase"
416,"Cheap"
417,"Check"
418,"Cheek"
419,"Cheese"
420,"Chef"
421,"Chemical"
422,"Chest"
423,"Chicken"
424,"Chief"
425,"Child"
426,"Childhood"
427,"Chinese"
428,"Chip"
429,"Chocolate"
430,"Choice"
431,"Choose"
432,"Christian"
433,"Christmas"
434,"Church"
435,"Cigarette"
436,"Circle"
437,"Circumstance"
438,"Cite"
439,"Citizen"
440,"City"
441,"Civil"
442,"Civilian"
443,"Claim"
444,"Class"
445,"Classic"
446,"Classroom"
447,"Clean"
448,"Clear"
449,"Clearly"
450,"Client"
451,"Climate"
452,"Climb"
453,"Clinic"
454,"Clinical"
455,"Clock"
456,"Close"
457,"Closely"
458,"Closer"
459,"Clothes"
460,"Clothing"
461,"Cloud"
462,"Club"
463,"Clue"
464,"Cluster"
465,"Coach"
466,"Coal"
467,"Coalition"
468,"Coast"
469,"Coastal"
470,"Coat"
471,"Code"
472,"Coffee"
473,"Cognitive"
474,"Cold"
475,"Collapse"
476,"Collar"
477,"Colleague"
478,"Collect"
479,"Collection"
480,"Collective"
481,"College"
482,"Colonel"
483,"Colonial"
484,"Color"
485,"Column"
486,"Combination"
487,"Combine"
488,"Come"
489,"Comedy"
490,"Comfort"
491,"Comfortable"
492,"Command"
493,"Commander"
494,"Comment"
495,"Commercial"
496,"Commission"
497,"Commit"
498,"Commitment"
499,"Committee"
500,"Common"
501,"Communicate"
502,"Communication"
503,"Community"
504,"Company"
505,"Compare"
506,"Comparison"
507,"Compete"
508,"Competition"
509,"Competitive"
510,"Competitor"
511,"Complaint"
512,"Complete"
513,"Completely"
514,"Complex"
515,"Component"
516,"Compose"
517,"Composition"
518,"Comprehensive"
519,"Computer"
520,"Concentrate"
521,"Concentration"
522,"Concept"
523,"Concern"
524,"Concerned"
525,"Concert"
526,"Conclude"
527,"Conclusion"
528,"Concrete"
529,"Condition"
530,"Conduct"
531,"Conference"
532,"Confidence"
533,"Confident"
534,"Confirm"
535,"Conflict"
536,"Confront"
537,"Confuse"
538,"Confusion"
539,"Congress"
540,"Connect"
541,"Connection"
542,"Conscious"
543,"Consciousness"
544,"Consent"
545,"Consequently"
546,"Consider"
547,"Considerable"
548,"Consideration"
549,"Consist"
550,"Consistent"
551,"Constant"
552,"Constantly"
553,"Constitute"
554,"Constitution"
555,"Construct"
556,"Construction"
557,"Consult"
558,"Consultant"
559,"Consume"
560,"Consumer"
561,"Consumption"
562,"Contact"
563,"Contain"
564,"Container"
565,"Contemporary"
566,"Content"
567,"Contest"
568,"Context"
569,"Continental"
570,"Continue"
571,"Continued"
572,"Continuous"
573,"Contract"
574,"Contrast"
575,"Contribution"
576,"Control"
577,"Convenient"
578,"Convention"
579,"Conventional"
580,"Conversation"
581,"Convert"
582,"Conviction"
583,"Convince"
584,"Cook"
585,"Cookie"
586,"Cooking"
587,"Cool"
588,"Dance"
589,"Danger"
590,"Dare"
591,"Dark"
592,"Data"
593,"Date"
594,"Daughter"
595,"Day"
596,"Dead"
597,"Deal"
598,"Death"
599,"Debate"
600,"Debt"
601,"Decade"
602,"Decide"
603,"Decision"
604,"Declare"
605,"Decrease"
606,"Deep"
607,"Defense"
608,"Define"
609,"Degree"
610,"Delay"
611,"Deliver"
612,"Demand"
613,"Democracy"
614,"Demonstrate"
615,"Density"
616,"Department"
617,"Depend"
618,"Depression"
619,"Derive"
620,"Describe"
621,"Description"
622,"Design"
623,"Desire"
624,"Desk"
625,"Desperate"
626,"Despite"
627,"Destroy"
628,"Each"
629,"Ear"
630,"Early"
631,"Earn"
632,"Earth"
633,"Ease"
634,"East"
635,"Easy"
636,"Eat"
637,"Economic"
638,"Economy"
639,"Edge"
640,"Edition"
641,"Editor"
642,"Educate"
643,"Education"
644,"Effective"
645,"Efficiency"
646,"Effort"
647,"Elderly"
648,"Elect"
649,"Electric"
650,"Electrical"
651,"Electronic"
652,"Element"
653,"Elevator"
654,"Else"
655,"Email"
656,"Embarrass"
657,"Embrace"
658,"Emergence"
659,"Emergency"
660,"Emotion"
661,"Emotional"
662,"Empire"
663,"Employ"
664,"Employee"
665,"Employer"
666,"Employment"
667,"Empty"
668,"Face"
669,"Fact"
670,"Factor"
671,"Factory"
672,"Fail"
673,"Failure"
674,"Fair"
675,"Fairly"
676,"Faith"
677,"Fall"
678,"False"
679,"Familiar"
680,"Family"
681,"Famous"
682,"Fan"
683,"Fantastic"
684,"Far"
685,"Farm"
686,"Fashion"
687,"Fast"
688,"Fat"
689,"Fate"
690,"Father"
691,"Fault"
692,"Fear"
693,"Feature"
694,"Federal"
695,"Fee"
696,"Feed"
697,"Feel"
698,"Feeling"
699,"Female"
700,"Few"
701,"Fiber"
702,"Fiction"
703,"Field"
704,"Fight"
705,"Figure"
706,"File"
707,"Fill"
708,"Game"
709,"Gap"
710,"Garage"
711,"Garden"
712,"Gas"
713,"Gate"
714,"Gather"
715,"Gear"
716,"Gender"
717,"Generate"
718,"Generation"
719,"Generic"
720,"Genius"
721,"Genre"
722,"Gentle"
723,"Gently"
724,"Genuine"
725,"Geography"
726,"Gesture"
727,"Get"
728,"Ghost"
729,"Giant"
730,"Gift"
731,"Girl"
732,"Give"
733,"Glass"
734,"Global"
735,"Glove"
736,"Go"
737,"Goal"
738,"God"
739,"Gold"
740,"Good"
741,"Govern"
742,"Government"
743,"Grab"
744,"Grade"
745,"Graduate"
746,"Grain"
747,"Grand"
748,"Hair"
749,"Half"
750,"Hall"
751,"Hand"
752,"Handle"
753,"Hang"
754,"Happen"
755,"Happy"
756,"Hard"
757,"Hardly"
758,"Harm"
759,"Hat"
760,"Hate"
761,"Have"
762,"He"
763,"Head"
764,"Heal"
765,"Health"
766,"Healthy"
767,"Heap"
768,"Hear"
769,"Heart"
770,"Heat"
771,"Heavy"
772,"Height"
773,"Hell"
774,"Help"
775,"Helpful"
776,"Here"
777,"Hero"
778,"High"
779,"Highlight"
780,"Highly"
781,"Hill"
782,"Him"
783,"Hire"
784,"His"
785,"History"
786,"Hit"
787,"Hold"
788,"Ice"
789,"Idea"
790,"Identify"
791,"Identity"
792,"Ignore"
793,"Ill"
794,"Illegal"
795,"Illness"
796,"Illustrate"
797,"Image"
798,"Imagine"
799,"Immediate"
800,"Immediately"
801,"Immigrant"
802,"Immigration"
803,"Impact"
804,"Implement"
805,"Implication"
806,"Imply"
807,"Import"
808,"Importance"
809,"Important"
810,"Impose"
811,"Impossible"
812,"Impress"
813,"Impression"
814,"Improve"
815,"Improvement"
816,"In"
817,"Incentive"
818,"Incident"
819,"Include"
820,"Income"
821,"Incorporate"
822,"Increase"
823,"Increasingly"
824,"Indeed"
825,"Indicate"
826,"Indication"
827,"Individual"
828,"Jacket"
829,"Jam"
830,"January"
831,"Jar"
832,"Jealous"
833,"Jeans"
834,"Jelly"
835,"Jewelry"
836,"Job"
837,"Join"
838,"Joint"
839,"Joke"
840,"Journal"
841,"Journey"
842,"Joy"
843,"Judge"
844,"Judgment"
845,"Juice"
846,"July"
847,"Jump"
848,"June"
849,"Junior"
850,"Jury"
851,"Just"
852,"Justice"
853,"Justify"
854,"Juvenile"
855,"Jaw"
856,"Jazz"
857,"Jet"
858,"Jellyfish"
859,"Jigsaw"
860,"Jingle"
861,"Jewel"
862,"Jockey"
863,"Jolly"
864,"Jolt"
865,"Journeyman"
866,"Journeywoman"
867,"Journeywork"
868,"Keep"
869,"Key"
870,"Kick"
871,"Kid"
872,"Kidney"
873,"Kill"
874,"Kind"
875,"King"
876,"Kiss"
877,"Kitchen"
878,"Knee"
879,"Knife"
880,"Knock"
881,"Know"
882,"Knowledge"
883,"Known"
884,"Knot"
885,"Knuckle"
886,"Keep"
887,"Koala"
888,"Kaleidoscope"
889,"Kangaroo"
890,"Karate"
891,"Kernel"
892,"Kettle"
893,"Keyboard"
894,"Kindergarten"
895,"Kiosk"
896,"Kit"
897,"Kite"
898,"Kitten"
899,"Knapsack"
900,"Knight"
901,"Knit"
902,"Knob"
903,"Kooky"
904,"Kosher"
905,"Kudos"
906,"Kilometer"
907,"Kinky"
908,"Lab"
909,"Label"
910,"Labor"
911,"Lack"
912,"Lady"
913,"Lake"
914,"Lamp"
915,"Land"
916,"Language"
917,"Large"
918,"Last"
919,"Late"
920,"Later"
921,"Latest"
922,"Laugh"
923,"Launch"
924,"Law"
925,"Lawyer"
926,"Lay"
927,"Layer"
928,"Lead"
929,"Leader"
930,"Leadership"
931,"Leading"
932,"Leaf"
933,"League"
934,"Lean"
935,"Learn"
936,"Learning"
937,"Least"
938,"Leather"
939,"Leave"
940,"Left"
941,"Leg"
942,"Legal"
943,"Legend"
944,"Length"
945,"Less"
946,"Lesson"
947,"Let"
948,"Machine"
949,"Mad"
950,"Magazine"
951,"Mail"
952,"Main"
953,"Maintain"
954,"Major"
955,"Majority"
956,"Make"
957,"Male"
958,"Mammal"
959,"Man"
960,"Manage"
961,"Management"
962,"Manager"
963,"Manner"
964,"Manufacture"
965,"Many"
966,"Map"
967,"March"
968,"Mark"
969,"Market"
970,"Marketing"
971,"Marriage"
972,"Married"
973,"Marry"
974,"Mass"
975,"Massive"
976,"Master"
977,"Match"
978,"Mate"
979,"Material"
980,"Math"
981,"Matter"
982,"May"
983,"Maybe"
984,"Meal"
985,"Mean"
986,"Meaning"
987,"Measure"
988,"Name"
989,"Narrow"
990,"Nation"
991,"National"
992,"Native"
993,"Natural"
994,"Nature"
995,"Near"
996,"Nearly"
997,"Necessary"
998,"Neck"
999,"Need"
1000,"Negative"
1001,"Negotiate"
1002,"Neighbor"
1003,"Neither"
1004,"Nerve"
1005,"Nervous"
1006,"Net"
1007,"Network"
1008,"Never"
1009,"Nevertheless"
1010,"New"
1011,"News"
1012,"Newspaper"
1013,"Next"
1014,"Nice"
1015,"Night"
1016,"No"
1017,"Nobody"
1018,"Noise"
1019,"Nominate"
1020,"None"
1021,"Nonetheless"
1022,"Normal"
1023,"North"
1024,"Nose"
1025,"Not"
1026,"Note"
1027,"Nothing"
1028,"Oath"
1029,"Obedience"
1030,"Obesity"
1031,"Object"
1032,"Objective"
1033,"Obligation"
1034,"Observation"
1035,"Observe"
1036,"Observer"
1037,"Obstacle"
1038,"Obtain"
1039,"Obvious"
1040,"Occasion"
1041,"Occupy"
1042,"Occurrence"
1043,"Ocean"
1044,"October"
1045,"Odd"
1046,"Ode"
1047,"Off"
1048,"Offer"
1049,"Office"
1050,"Officer"
1051,"Official"
1052,"Often"
1053,"Oil"
1054,"Old"
1055,"Older"
1056,"Olympic"
1057,"Omega"
1058,"On"
1059,"Once"
1060,"One"
1061,"Only"
1062,"Open"
1063,"Opening"
1064,"Operate"
1065,"Operation"
1066,"Operator"
1067,"Opinion"
1068,"Pack"
1069,"Package"
1070,"Page"
1071,"Pain"
1072,"Paint"
1073,"Painter"
1074,"Painting"
1075,"Pair"
1076,"Palace"
1077,"Pale"
1078,"Palm"
1079,"Pan"
1080,"Panel"
1081,"Panic"
1082,"Paper"
1083,"Parade"
1084,"Paragraph"
1085,"Parallel"
1086,"Parent"
1087,"Park"
1088,"Parking"
1089,"Part"
1090,"Participant"
1091,"Participate"
1092,"Particular"
1093,"Partly"
1094,"Partner"
1095,"Party"
1096,"Pass"
1097,"Passage"
1098,"Passenger"
1099,"Passion"
1100,"Past"
1101,"Path"
1102,"Patience"
1103,"Patient"
1104,"Pattern"
1105,"Pause"
1106,"Payment"
1107,"Quality"
1108,"Quantity"
1109,"Quarter"
1110,"Queen"
1111,"Query"
1112,"Quest"
1113,"Question"
1114,"Quick"
1115,"Quiet"
1116,"Quit"
1117,"Race"
1118,"Racket"
1119,"Radiation"
1120,"Radio"
1121,"Rage"
1122,"Rail"
1123,"Rain"
1124,"Raise"
1125,"Range"
1126,"Rank"
1127,"Rare"
1128,"Rather"
1129,"Rating"
1130,"Ratio"
1131,"Raw"
1132,"Reach"
1133,"React"
1134,"Reaction"
1135,"Read"
1136,"Reader"
1137,"Reading"
1138,"Ready"
1139,"Real"
1140,"Reality"
1141,"Realize"
1142,"Really"
1143,"Reason"
1144,"Rebel"
1145,"Receipt"
1146,"Receive"
1147,"Recent"
1148,"Recently"
1149,"Recipe"
1150,"Recognition"
1151,"Recognize"
1152,"Recommend"
1153,"Record"
1154,"Recording"
1155,"Recover"
1156,"Red"
1157,"Safe"
1158,"Safety"
1159,"Sail"
1160,"Salary"
1161,"Sale"
1162,"Salt"
1163,"Same"
1164,"Sample"
1165,"Sand"
1166,"Satellite"
1167,"Satisfaction"
1168,"Satisfy"
1169,"Save"
1170,"Savings"
1171,"Say"
1172,"Scale"
1173,"Scandal"
1174,"Scan"
1175,"Scar"
1176,"Scene"
1177,"Scheme"
1178,"School"
1179,"Science"
1180,"Scientist"
1181,"Score"
1182,"Scratch"
1183,"Scream"
1184,"Screen"
1185,"Script"
1186,"Sea"
1187,"Search"
1188,"Season"
1189,"Seat"
1190,"Second"
1191,"Secret"
1192,"Secretary"
1193,"Section"
1194,"Sector"
1195,"Secure"
1196,"Security"
1197,"Table"
1198,"Take"
1199,"Talk"
1200,"Tall"
1201,"Tank"
1202,"Tap"
1203,"Target"
1204,"Task"
1205,"Taste"
1206,"Tax"
1207,"Tea"
1208,"Teach"
1209,"Teacher"
1210,"Team"
1211,"Tear"
1212,"Technical"
1213,"Technology"
1214,"Telephone"
1215,"Television"
1216,"Tell"
1217,"Temperature"
1218,"Temporary"
1219,"Tend"
1220,"Tendency"
1221,"Tennis"
1222,"Tension"
1223,"Term"
1224,"Terms"
1225,"Test"
1226,"Text"
1227,"Than"
1228,"Thank"
1229,"Thanks"
1230,"That"
1231,"The"
1232,"Theater"
1233,"Their"
1234,"Them"
1235,"Theme"
1236,"Themselves"
1237,"Umbrella"
1238,"Unable"
1239,"Universe"
1240,"University"
1241,"Up"
1242,"Urban"
1243,"Use"
1244,"Used"
1245,"Useful"
1246,"User"
1247,"Vacation"
1248,"Valid"
1249,"Valley"
1250,"Value"
1251,"Variety"
1252,"Various"
1253,"Vary"
1254,"Vast"
1255,"Vegetable"
1256,"Vehicle"
1257,"Wait"
1258,"Wake"
1259,"Walk"
1260,"Wall"
1261,"Want"
1262,"War"
1263,"Warm"
1264,"Wash"
1265,"Waste"
1266,"Watch"
1267,"X-ray"
1268,"Xenon"
1269,"Xerography"
1270,"Xylophone"
1271,"Xenophobia"
1272,"Xenogenesis"
1273,"Year"
1274,"Yellow"
1275,"Yesterday"
1276,"Yes"
1277,"Yield"
1278,"Yoga"
1279,"Young"
1280,"Youth"
1281,"Yacht"
1282,"Yard"
1283,"Zero"
1284,"Zone"
1285,"Zoo"
1286,"Zoom"
1287,"Zebra"
1288,"Zenith"
1289,"Zest"
1290,"Zinc"
1291,"Zip"
1292,"Zone"
